approach,task,model,sample_count,failed_samples,iou,map30,map50,map50_95
web_search,localization,google_gemini-2.5-flash-preview-05-20,15,0,0.13333333333333333,0.4666666666666667,0.13333333333333333,0.053333335121472675
multiturn,localization,google_gemini-2.5-flash-preview-05-20,20,0,0.2,0.35,0.2,0.060000001639127734
comprehensive,localization,google_gemini-2.5-flash-preview-05-20,13,0,0.19230769230769232,0.38461538461538464,0.19230769230769232,0.06923077140863125
baseline,localization,google_gemini-2.5-flash-preview-05-20,140,0,0.04285714285714286,0.1893917962908745,0.04285714285714286,0.012142857217362949
visual,localization,google_gemini-2.5-flash-preview-05-20,18,0,0.1111111111111111,0.3888888888888889,0.1111111111111111,0.04444444593456057
