approach,task,model,sample_count,failed_samples,iou,map30,map50,map50_95,bleu,bleu4,bert_f1,meteor,radgraph_f1,modality_f1,clinical_f1,binary_f1
web_search,localization,google_gemini-2.5-flash-preview-05-20,66,0,0.07575757575757576,0.29305430569432,0.07575757575757576,0.027272727792010162,,,,,,,,
multiturn,localization,google_gemini-2.5-flash-preview-05-20,96,0,0.07291666666666667,0.2604166666666667,0.07291666666666667,0.03125000046566129,,,,,,,,
comprehensive,localization,google_gemini-2.5-flash-preview-05-20,67,0,0.12686567164179105,0.31587113907088094,0.12686567164179105,0.040298508285586516,,,,,,,,
baseline,caption,google_gemini-2.5-flash-preview-05-20,57,0,,,,,1.3648289088115488,1.3648289088115488,0.028057298892618793,17.615580794878454,0.03945545549083919,0.5801169590643276,0.4175438596491228,0.6842105263157895
baseline,localization,google_gemini-2.5-flash-preview-05-20,297,0,0.06565656565656566,0.2114044741950051,0.06565656565656566,0.021043771495321384,,,,,,,,
visual,localization,google_gemini-2.5-flash-preview-05-20,84,0,0.08333333333333333,0.25412541308573317,0.08333333333333333,0.02976190573757603,,,,,,,,
