approach,caption_bleu,caption_bleu4,caption_bert_f1,caption_meteor,caption_radgraph_f1,caption_modality_f1,caption_clinical_f1,caption_binary_f1,localization_iou,localization_map30,localization_map50,localization_map50_95,diagnosis_accuracy,diagnosis_top1,diagnosis_top5,diagnosis_coverage,diagnosis_entropy
web_search,1.4201313724354463,1.4201313724354463,0.0174891758968469,19.336786933535226,0.045053421201698945,0.6155717761557177,0.30778588807785884,0.8175182481751825,0.11408513761448383,0.2843928464985408,0.11408513761448383,0.03858258769214613,,,,,
multiturn,1.3455650205151615,1.3455650205151615,-0.07073454877907766,18.349549495545006,0.04205499230494202,0.6846547941669893,0.3227642276422764,0.8536585365853658,0.10111726790393165,0.28524843344994644,0.10111726790393165,0.03701971153463792,,,,,
comprehensive,1.380423393465821,1.380423393465821,0.04153929353080098,19.76183744255463,0.034475601587569585,0.6300411522633744,0.4238683127572016,0.8765432098765432,0.13690572333904252,0.31042771815431014,0.13690572333904252,0.04627191140742942,,,,,
baseline,1.652301541976034,1.652301541976034,0.05105691796556608,19.03672108386592,0.04620360506905289,0.6199271172781107,0.2832597498160412,0.7428256070640177,0.07233154743984156,0.216451446091445,0.07233154743984156,0.024568529664875563,0.0,0.0,0.0,1.0,-1.4428232973175175e-12
visual,1.3113771486864925,1.3113771486864925,-0.11363007459670418,17.745183531025837,0.04565858280304053,0.6770602930871644,0.2790147152911069,0.8330134357005758,0.09818191343629865,0.28783468191157763,0.09818191343629865,0.03984451302471505,,,,,
