approach,localization_iou,localization_map30,localization_map50,localization_map50_95,caption_bleu,caption_bleu4,caption_bert_f1,caption_meteor,caption_radgraph_f1,caption_modality_f1,caption_clinical_f1,caption_binary_f1
web_search,0.07575757575757576,0.29305430569432,0.07575757575757576,0.027272727792010162,,,,,,,,
multiturn,0.07291666666666667,0.2604166666666667,0.07291666666666667,0.03125000046566129,,,,,,,,
comprehensive,0.12686567164179105,0.31587113907088094,0.12686567164179105,0.040298508285586516,,,,,,,,
baseline,0.06565656565656566,0.2114044741950051,0.06565656565656566,0.021043771495321384,1.3648289088115488,1.3648289088115488,0.028057298892618793,17.615580794878454,0.03945545549083919,0.5801169590643276,0.4175438596491228,0.6842105263157895
visual,0.08333333333333333,0.25412541308573317,0.08333333333333333,0.02976190573757603,,,,,,,,
