approach,localization_iou,localization_map30,localization_map50,localization_map50_95
web_search,0.13333333333333333,0.4666666666666667,0.13333333333333333,0.053333335121472675
multiturn,0.2,0.35,0.2,0.060000001639127734
comprehensive,0.19230769230769232,0.38461538461538464,0.19230769230769232,0.06923077140863125
baseline,0.04285714285714286,0.1893917962908745,0.04285714285714286,0.012142857217362949
visual,0.1111111111111111,0.3888888888888889,0.1111111111111111,0.04444444593456057
